divipola,anio,mes,casos_clasico,casos_grave,municipio,departamento,periodo,temp_mean_c,dewpoint_mean_c,rain_mm_day,soil_water_l1_mean,surface_runoff_mm_day,total_evaporation_mm_day_ecmwf,wind_u_mean_ms,wind_v_mean_ms,solar_radiation_mj_m2_day,casos_grave_lag_1,casos_grave_lag_2,casos_grave_lag_3,casos_grave_lag_4,casos_grave_lag_6,casos_grave_roll3,casos_clasico_lag_1,casos_clasico_lag_2,casos_clasico_lag_3,casos_clasico_lag_4,casos_clasico_lag_6,casos_clasico_roll3,temp_mean_c_lag_1,temp_mean_c_lag_2,temp_mean_c_lag_3,rain_mm_day_lag_1,rain_mm_day_lag_2,rain_mm_day_lag_3,mes_sin,mes_cos,p25,p75,zona_canal,sir,es_endemico,brote,casos_objetivo,objetivo,es_inicio,anio_objetivo,mes_objetivo,p25_objetivo,p75_objetivo,zona_objetivo,brote_lag_1
68001,2024,1,639,7,BUCARAMANGA,SANTANDER,2024-01-01,20.455612745180897,16.954400846025788,0.5655470116053071,0.4342445892238383,0.78318382213344,-3.807309552731931,-0.17818132456549435,0.011563644263031986,20.845048042824484,5.0,2.0,3.0,0.0,4.0,10.0,567.0,442.0,487.0,501.0,337.0,1496.0,20.30048671315785,20.28526533769291,20.442520149030084,1.1702344221786585,3.7596913914355086,4.572763651871336,0.49999999999999994,0.8660254037844387,53.0,219.25,2,4.191881918819188,1,1,723.0,1.0,0,2024,2,38.5,243.5,2,1.0
68001,2024,2,723,4,BUCARAMANGA,SANTANDER,2024-02-01,20.72389796078612,18.416612294059263,3.8445738831778242,0.4818249541306908,1.7444444744929393,-3.595705297119367,0.12880853577775322,0.175122586797617,18.063308536193322,7.0,5.0,2.0,3.0,2.0,14.0,639.0,567.0,442.0,487.0,495.0,1648.0,20.455612745180897,20.30048671315785,20.28526533769291,0.5655470116053071,1.1702344221786585,3.7596913914355086,0.8660254037844386,0.5000000000000001,38.5,243.5,2,4.616121308858739,1,1,1071.0,1.0,0,2024,3,42.5,319.5,2,1.0
68001,2024,3,1071,8,BUCARAMANGA,SANTANDER,2024-03-01,20.983419017124277,17.808876791008736,2.2303661099569063,0.4739598048536378,0.92562910257362,-4.005368565321653,-0.06581662336880972,0.1289372867841211,21.57183016433542,4.0,7.0,5.0,2.0,0.0,16.0,723.0,639.0,567.0,442.0,501.0,1929.0,20.72389796078612,20.455612745180897,20.30048671315785,3.8445738831778242,0.5655470116053071,1.1702344221786585,1.0,6.123233995736766e-17,42.5,319.5,2,5.5708712613784135,1,1,1261.0,1.0,0,2024,4,59.5,365.5,2,1.0
68001,2024,4,1261,8,BUCARAMANGA,SANTANDER,2024-04-01,21.019841112652497,18.811888504662456,4.368181838028993,0.47745960185534053,5.799652102777339,-3.240104162078009,0.04177791596710525,0.13953982458757078,16.784734508766405,8.0,4.0,7.0,5.0,3.0,19.0,1071.0,723.0,639.0,567.0,487.0,2433.0,20.983419017124277,20.72389796078612,20.455612745180897,2.2303661099569063,3.8445738831778242,0.5655470116053071,0.8660254037844387,-0.4999999999999998,59.5,365.5,2,5.527671232876712,1,1,1651.0,1.0,0,2024,5,75.25,314.75,2,1.0
68001,2024,5,1651,14,BUCARAMANGA,SANTANDER,2024-05-01,20.941885693432003,19.27480585312888,4.72018725022859,0.47651971006825417,15.491110084170097,-2.716601770849042,0.11638447390352775,0.0602451288067268,13.066251623114047,8.0,8.0,4.0,7.0,2.0,20.0,1261.0,1071.0,723.0,639.0,442.0,3055.0,21.019841112652497,20.983419017124277,20.72389796078612,4.368181838028993,2.2303661099569063,3.8445738831778242,0.49999999999999994,-0.8660254037844387,75.25,314.75,2,6.4555229716520035,1,1,1736.0,1.0,0,2024,6,55.5,340.25,2,1.0
68001,2024,6,1736,11,BUCARAMANGA,SANTANDER,2024-06-01,20.55195044516685,18.868587202571117,2.5402600079696636,0.4793937228545742,15.979267205661676,-2.6654127429134338,0.17108855358467537,-0.04241911534353606,12.586443521784778,14.0,8.0,8.0,4.0,5.0,30.0,1651.0,1261.0,1071.0,723.0,567.0,3983.0,20.941885693432003,21.019841112652497,20.983419017124277,4.72018725022859,4.368181838028993,2.2303661099569063,1.2246467991473532e-16,-1.0,55.5,340.25,2,7.639163916391639,1,1,1463.0,1.0,0,2024,7,45.25,378.5,2,1.0
68001,2024,7,1463,12,BUCARAMANGA,SANTANDER,2024-07-01,20.525346942146182,18.64688064223797,2.9320247797364054,0.47850383884183495,11.643141520214105,-3.08047606717868,-0.04040940419330231,-0.030060369753835556,15.103260858623319,11.0,14.0,8.0,8.0,7.0,33.0,1736.0,1651.0,1261.0,1071.0,639.0,4648.0,20.55195044516685,20.941885693432003,21.019841112652497,2.5402600079696636,4.72018725022859,4.368181838028993,-0.4999999999999997,-0.8660254037844388,45.25,378.5,2,6.1893178212585935,1,1,933.0,1.0,0,2024,8,50.5,283.0,2,1.0
68001,2024,8,933,11,BUCARAMANGA,SANTANDER,2024-08-01,20.62747891194917,18.29469760174213,2.2851951678649463,0.47687370888759517,6.4371278632980085,-3.436701811929554,0.06402253899724868,-0.05421902143867419,17.292035701803403,12.0,11.0,14.0,8.0,4.0,37.0,1463.0,1736.0,1651.0,1261.0,723.0,4850.0,20.525346942146182,20.55195044516685,20.941885693432003,2.9320247797364054,2.5402600079696636,4.72018725022859,-0.8660254037844385,-0.5000000000000004,50.5,283.0,2,4.775431861804223,1,1,640.0,1.0,0,2024,9,57.5,309.0,2,1.0
68001,2024,9,640,5,BUCARAMANGA,SANTANDER,2024-09-01,20.76924845988359,18.57422653979206,3.1714053167895537,0.47447174928319735,5.6954601796202144,-3.0818392256925033,-0.025419233675495315,-0.035463989552759,16.141291190062336,11.0,12.0,11.0,14.0,8.0,34.0,933.0,1463.0,1736.0,1651.0,1071.0,4132.0,20.62747891194917,20.525346942146182,20.55195044516685,2.2851951678649463,2.9320247797364054,2.5402600079696636,-1.0,-1.8369701987210297e-16,57.5,309.0,2,3.5493934142114383,1,1,484.0,1.0,0,2024,10,52.25,267.5,2,1.0
68001,2024,10,484,7,BUCARAMANGA,SANTANDER,2024-10-01,20.088142909620956,18.234257230273414,6.0928839660641625,0.4782790018413848,9.753571482503478,-2.983061702681172,-0.004640514817713024,0.053191776980535,15.395023210641344,5.0,11.0,12.0,11.0,8.0,28.0,640.0,933.0,1463.0,1736.0,1261.0,3036.0,20.76924845988359,20.62747891194917,20.525346942146182,3.1714053167895537,2.2851951678649463,2.9320247797364054,-0.8660254037844386,0.5000000000000001,52.25,267.5,2,3.0524241229798976,1,1,402.0,1.0,0,2024,11,47.0,232.25,2,1.0
68001,2024,11,402,1,BUCARAMANGA,SANTANDER,2024-11-01,19.690761528048537,18.09805648666878,4.662400830311412,0.48299960130573044,9.927632743957162,-2.6793584903443035,0.2680028602999756,0.11077622097203944,13.047750889868768,7.0,5.0,11.0,12.0,14.0,23.0,484.0,640.0,933.0,1463.0,1651.0,2057.0,20.088142909620956,20.76924845988359,20.62747891194917,6.0928839660641625,3.1714053167895537,2.2851951678649463,-0.5000000000000004,0.8660254037844384,47.0,232.25,2,2.7498931167165455,1,1,387.0,1.0,0,2024,12,49.5,158.25,2,1.0
68001,2024,12,387,1,BUCARAMANGA,SANTANDER,2024-12-01,19.74071877637573,17.716100120302226,2.29672610631654,0.482325245804997,10.556218653902173,-3.1100622115002414,0.08011854176759091,0.05031291285272517,15.9347805000762,1.0,7.0,5.0,11.0,11.0,13.0,402.0,484.0,640.0,933.0,1736.0,1526.0,19.690761528048537,20.088142909620956,20.76924845988359,4.662400830311412,6.0928839660641625,3.1714053167895537,-2.4492935982947064e-16,1.0,49.5,158.25,2,2.922133081642284,1,1,323.0,1.0,0,2025,1,53.0,219.25,2,1.0
68001,2025,1,323,2,BUCARAMANGA,SANTANDER,2025-01-01,19.282595208855756,17.145003025312366,0.7557430223123898,0.47922757219555673,7.83036754106791,-3.3422926511328805,-0.057002624485557506,0.059719981586849366,17.721177027178054,1.0,1.0,7.0,5.0,12.0,9.0,387.0,402.0,484.0,640.0,1463.0,1273.0,19.74071877637573,19.690761528048537,20.088142909620956,2.29672610631654,4.662400830311412,6.0928839660641625,0.49999999999999994,0.8660254037844387,53.0,219.25,2,2.1189011890118903,1,1,258.0,1.0,0,2025,2,38.5,243.5,2,1.0
68001,2025,2,258,1,BUCARAMANGA,SANTANDER,2025-02-01,19.979342156722407,17.91922302206762,5.931258135983726,0.4795487726767232,2.9565917036765335,-3.394534850191363,0.09653734086960676,0.11584170552331675,17.100755108042744,2.0,1.0,1.0,7.0,11.0,4.0,323.0,387.0,402.0,484.0,933.0,1112.0,19.282595208855756,19.74071877637573,19.690761528048537,0.7557430223123898,2.29672610631654,4.662400830311412,0.8660254037844386,0.5000000000000001,38.5,243.5,2,1.6472466081404629,1,1,322.0,1.0,0,2025,3,42.5,319.5,1,1.0
68001,2025,3,322,0,BUCARAMANGA,SANTANDER,2025-03-01,20.04331750357025,18.1191220869472,2.902707737213408,0.48067497432347966,5.7141166204027884,-3.1596832825895236,0.17295088760940217,0.11505988953065308,16.383144076254315,1.0,2.0,1.0,1.0,5.0,4.0,258.0,323.0,387.0,402.0,640.0,968.0,19.979342156722407,19.282595208855756,19.74071877637573,5.931258135983726,0.7557430223123898,2.29672610631654,1.0,6.123233995736766e-17,42.5,319.5,2,1.6749024707412223,1,1,366.0,1.0,0,2025,4,59.5,365.5,1,1.0
68001,2025,4,366,0,BUCARAMANGA,SANTANDER,2025-04-01,20.244518562877605,18.4067171053749,3.291510396416732,0.4801374523533298,10.246246771549615,-2.9852237631114606,0.10073189684725183,0.1064679359159027,15.21863817391076,0.0,1.0,2.0,1.0,7.0,3.0,322.0,258.0,323.0,387.0,484.0,903.0,20.04331750357025,19.979342156722407,19.282595208855756,2.902707737213408,5.931258135983726,0.7557430223123898,0.8660254037844387,-0.4999999999999998,59.5,365.5,2,1.6043835616438356,1,1,367.0,1.0,0,2025,5,75.25,314.75,2,1.0
68001,2025,5,367,0,BUCARAMANGA,SANTANDER,2025-05-01,20.075581040510976,18.397153404026973,4.017166882126499,0.48104252859050517,12.09962498105972,-2.6621461503405013,-0.0779309544913725,0.038154881545223604,13.146295070132426,0.0,0.0,1.0,2.0,1.0,1.0,366.0,322.0,258.0,323.0,402.0,946.0,20.244518562877605,20.04331750357025,19.979342156722407,3.291510396416732,2.902707737213408,5.931258135983726,0.49999999999999994,-0.8660254037844387,75.25,314.75,2,1.4349951124144673,1,1,278.0,0.0,0,2025,6,55.5,340.25,2,1.0
68001,2025,6,278,0,BUCARAMANGA,SANTANDER,2025-06-01,19.85902183282409,18.385057705623083,2.0889732911611794,0.48000988991137455,21.593635026707734,-2.682179289813743,0.08590013881576551,0.026574817006252142,12.456629786351705,0.0,0.0,0.0,1.0,1.0,0.0,367.0,366.0,322.0,258.0,387.0,1055.0,20.075581040510976,20.244518562877605,20.04331750357025,4.017166882126499,3.291510396416732,2.902707737213408,1.2246467991473532e-16,-1.0,55.5,340.25,1,1.2233223322332234,1,0,239.0,0.0,0,2025,7,45.25,378.5,1,1.0
68001,2025,7,239,1,BUCARAMANGA,SANTANDER,2025-07-01,19.932168556557695,18.08422589242718,4.2053318983109005,0.48018470612683306,14.359474386324397,-3.120673682393044,-0.07926092177904506,-0.009571075859324972,14.782971062077724,0.0,0.0,0.0,0.0,2.0,0.0,278.0,367.0,366.0,322.0,323.0,1011.0,19.85902183282409,20.075581040510976,20.244518562877605,2.0889732911611794,4.017166882126499,3.291510396416732,-0.4999999999999997,-0.8660254037844388,45.25,378.5,1,1.0111052353252248,1,0,179.0,0.0,0,2025,8,50.5,283.0,1,0.0
68001,2025,8,179,1,BUCARAMANGA,SANTANDER,2025-08-01,19.852135194225045,17.85527634627532,2.7662673288745747,0.477226826702748,9.39012122621293,-3.2522459653061158,-0.05072439796241694,-0.03626282457352168,16.21779103429007,1.0,0.0,0.0,0.0,1.0,1.0,239.0,278.0,367.0,366.0,258.0,884.0,19.932168556557695,19.85902183282409,20.075581040510976,4.2053318983109005,2.0889732911611794,4.017166882126499,-0.8660254037844385,-0.5000000000000004,50.5,283.0,1,0.9161868202175304,1,0,245.0,0.0,0,2025,9,57.5,309.0,1,0.0
68001,2025,9,245,0,BUCARAMANGA,SANTANDER,2025-09-01,19.918208545474577,18.01679888867959,4.279238962864313,0.47761192703914557,13.929079710811456,-2.951637858774249,0.004160774019029399,-0.021095844414394764,15.3912992846916,1.0,1.0,0.0,0.0,0.0,2.0,179.0,239.0,278.0,367.0,322.0,696.0,19.852135194225045,19.932168556557695,19.85902183282409,2.7662673288745747,4.2053318983109005,2.0889732911611794,-1.0,-1.8369701987210297e-16,57.5,309.0,1,1.3587521663778164,1,0,197.0,0.0,0,2025,10,52.25,267.5,1,0.0
68001,2025,10,197,1,BUCARAMANGA,SANTANDER,2025-10-01,19.679708530186076,17.845943695713046,5.73576750697174,0.47765784345566586,7.38273464750753,-2.7991938869808797,0.07328859027158133,0.028512755569520667,14.716080158517563,0.0,1.0,1.0,0.0,0.0,2.0,245.0,179.0,239.0,278.0,366.0,663.0,19.918208545474577,19.852135194225045,19.932168556557695,4.279238962864313,2.7662673288745747,4.2053318983109005,-0.8660254037844386,0.5000000000000001,52.25,267.5,1,1.2424122979897516,1,0,222.0,0.0,0,2025,11,47.0,232.25,1,0.0
68001,2025,11,222,0,BUCARAMANGA,SANTANDER,2025-11-01,19.662773948963153,17.9198109781127,3.072717309195226,0.4783679057878042,13.031274200541766,-2.799013965882928,0.07472312963749374,0.06581787802728765,14.02827016367454,1.0,0.0,1.0,1.0,0.0,2.0,197.0,245.0,179.0,239.0,367.0,621.0,19.679708530186076,19.918208545474577,19.852135194225045,5.73576750697174,4.279238962864313,2.7662673288745747,-0.5000000000000004,0.8660254037844384,47.0,232.25,1,1.5185976913210775,1,0,217.0,1.0,1,2025,12,49.5,158.25,2,0.0
68001,2025,12,217,1,BUCARAMANGA,SANTANDER,2025-12-01,19.459422812002842,17.466812200161137,2.082763437980136,0.48203828112558866,3.510600815751633,-2.9350664391867665,0.07404443934672106,0.07296988559348566,15.445993052070104,0.0,1.0,0.0,1.0,0.0,1.0,222.0,197.0,245.0,179.0,278.0,664.0,19.662773948963153,19.679708530186076,19.918208545474577,3.072717309195226,5.73576750697174,4.279238962864313,-2.4492935982947064e-16,1.0,49.5,158.25,2,1.6385087305332704,1,1,,,,2026,1,53.0,219.25,1,0.0
76001,2024,1,3082,31,CALI,VALLE,2024-01-01,19.852027336098455,16.80669383470155,1.103258639957772,0.3626365462207262,0.23051352660097807,-3.4838109892741045,0.1725187809698704,-0.4438844913758352,19.049027488232042,34.0,12.0,20.0,18.0,14.0,66.0,2451.0,1759.0,1722.0,1790.0,1383.0,5932.0,19.619436461700303,19.394935797517192,19.231084039561303,7.58544574523507,5.747657366007014,7.12264148678523,0.49999999999999994,0.8660254037844387,136.75,838.0,2,4.56550319414869,1,1,3856.0,1.0,0,2024,2,143.75,1146.25,2,1.0
76001,2024,2,3856,29,CALI,VALLE,2024-02-01,19.81612434607386,16.840960554855272,3.0038372209408384,0.3942640779261985,1.002384045979884,-3.3094166355714516,-0.052195804178270765,-0.30617185538030683,17.39539757932515,31.0,34.0,12.0,20.0,16.0,77.0,3082.0,2451.0,1759.0,1722.0,1675.0,7292.0,19.852027336098455,19.619436461700303,19.394935797517192,1.103258639957772,7.58544574523507,5.747657366007014,0.8660254037844386,0.5000000000000001,143.75,1146.25,2,4.773384912959381,1,1,4101.0,1.0,0,2024,3,142.25,1579.5,2,1.0
76001,2024,3,4101,35,CALI,VALLE,2024-03-01,20.13475936984011,17.33029459145665,2.2655872440397555,0.4079121174372868,0.7496325036882943,-3.4997473657634064,0.029236257740279357,-0.37977770208965855,18.127931401028185,29.0,31.0,34.0,12.0,18.0,94.0,3856.0,3082.0,2451.0,1759.0,1790.0,9389.0,19.81612434607386,19.852027336098455,19.619436461700303,3.0038372209408384,1.103258639957772,7.58544574523507,1.0,6.123233995736766e-17,142.25,1579.5,2,5.409398186314922,1,1,4478.0,1.0,0,2024,4,142.0,1192.0,2,1.0
76001,2024,4,4478,38,CALI,VALLE,2024-04-01,19.92016783021667,17.317880244493853,8.603490537773814,0.4149585053166948,2.0708837002537117,-3.232572420436266,-0.09685943807939378,-0.3604365479860866,15.999246619442065,35.0,29.0,31.0,34.0,20.0,95.0,4101.0,3856.0,3082.0,2451.0,1722.0,11039.0,20.13475936984011,19.81612434607386,19.852027336098455,2.2655872440397555,3.0038372209408384,1.103258639957772,0.8660254037844387,-0.4999999999999998,142.0,1192.0,2,6.166982268893097,1,1,5176.0,1.0,0,2024,5,171.75,952.5,2,1.0
76001,2024,5,5176,58,CALI,VALLE,2024-05-01,20.053300422539266,17.626334182878008,8.81276403527197,0.4261039517704697,2.431198822755522,-2.779787973880255,0.06482472826620447,-0.44862372065191214,13.267633837920535,38.0,35.0,29.0,31.0,12.0,102.0,4478.0,4101.0,3856.0,3082.0,1759.0,12435.0,19.92016783021667,20.13475936984011,19.81612434607386,8.603490537773814,2.2655872440397555,3.0038372209408384,0.49999999999999994,-0.8660254037844387,171.75,952.5,2,7.205150513311293,1,1,5026.0,1.0,0,2024,6,171.0,757.75,2,1.0
76001,2024,6,5026,53,CALI,VALLE,2024-06-01,19.419536681896087,16.809664649454053,4.944100552399102,0.4212172993899644,0.9143363776615422,-2.8865782709896184,0.12341737092308733,-0.46337074839619735,14.208476184749648,58.0,38.0,35.0,29.0,34.0,131.0,5176.0,4478.0,4101.0,3856.0,2451.0,13755.0,20.053300422539266,19.92016783021667,20.13475936984011,8.81276403527197,8.603490537773814,2.2655872440397555,1.2246467991473532e-16,-1.0,171.0,757.75,2,8.2040399918384,1,1,3890.0,1.0,0,2024,7,163.25,651.5,2,1.0
76001,2024,7,3890,44,CALI,VALLE,2024-07-01,19.6226939684288,16.43054019699652,1.570749655275584,0.38905781711097953,0.49252042457385037,-3.189560813654205,0.30530280371080665,-0.509574816301668,16.145424778305415,53.0,58.0,38.0,35.0,31.0,149.0,5026.0,5176.0,4478.0,4101.0,3082.0,14680.0,19.419536681896087,20.053300422539266,19.92016783021667,4.944100552399102,8.81276403527197,8.603490537773814,-0.4999999999999997,-0.8660254037844388,163.25,651.5,2,7.063897400976052,1,1,2122.0,1.0,0,2024,8,139.25,667.25,2,1.0
76001,2024,8,2122,20,CALI,VALLE,2024-08-01,19.397029728215905,16.35543769003036,1.625648471549263,0.38854130181549307,0.6826653376182461,-3.3897275202660713,0.22406456984758016,-0.6071257038524438,17.314873950851453,44.0,53.0,58.0,38.0,29.0,155.0,3890.0,5026.0,5176.0,4478.0,3856.0,14092.0,19.6226939684288,19.419536681896087,20.053300422539266,1.570749655275584,4.944100552399102,8.81276403527197,-0.8660254037844385,-0.5000000000000004,139.25,667.25,2,4.72277089998609,1,1,1363.0,1.0,0,2024,9,149.75,506.25,2,1.0
76001,2024,9,1363,11,CALI,VALLE,2024-09-01,19.80562759539489,16.54864824712535,1.7172872195598567,0.37220180729769164,0.553764963685102,-3.483610921612647,0.1534568729307405,-0.5936585827549129,17.859904219164882,20.0,44.0,53.0,58.0,35.0,117.0,2122.0,3890.0,5026.0,5176.0,4101.0,11038.0,19.397029728215905,19.6226939684288,19.419536681896087,1.625648471549263,1.570749655275584,4.944100552399102,-1.0,-1.8369701987210297e-16,149.75,506.25,2,3.5094946894110075,1,1,881.0,1.0,0,2024,10,147.0,479.5,2,1.0
76001,2024,10,881,10,CALI,VALLE,2024-10-01,19.365441527215488,16.63867670251359,5.510577731343431,0.4163849558947551,1.787178405892828,-3.0424256772050473,-0.06930554371821085,-0.44804653953717033,15.196717901545842,11.0,20.0,44.0,53.0,38.0,75.0,1363.0,2122.0,3890.0,5026.0,4478.0,7375.0,19.80562759539489,19.397029728215905,19.6226939684288,1.7172872195598567,1.625648471549263,1.570749655275584,-0.8660254037844386,0.5000000000000001,147.0,479.5,2,2.525259763525618,1,1,811.0,1.0,0,2024,11,157.75,513.25,2,1.0
76001,2024,11,811,11,CALI,VALLE,2024-11-01,18.623067922123766,16.070500643943483,3.7778428138103957,0.419214060933009,2.189450495115593,-2.959421402774752,-0.24360719786181476,-0.2537233675634742,14.736666939055798,10.0,11.0,20.0,44.0,58.0,41.0,881.0,1363.0,2122.0,3890.0,5176.0,4366.0,19.365441527215488,19.80562759539489,19.397029728215905,5.510577731343431,1.7172872195598567,1.625648471549263,-0.5000000000000004,0.8660254037844384,157.75,513.25,2,2.2925795053003535,1,1,758.0,1.0,0,2024,12,177.5,585.5,2,1.0
76001,2024,12,758,7,CALI,VALLE,2024-12-01,19.00689394244625,16.697978849189663,4.24569559364657,0.42139971852054997,3.6960945025377296,-2.848732253211916,0.013981151602816036,-0.4484910146427274,14.054219900152294,11.0,10.0,11.0,20.0,53.0,32.0,811.0,881.0,1363.0,2122.0,5026.0,3055.0,18.623067922123766,19.365441527215488,19.80562759539489,3.7778428138103957,5.510577731343431,1.7172872195598567,-2.4492935982947064e-16,1.0,177.5,585.5,2,1.8120424323920514,1,1,585.0,0.0,0,2025,1,136.75,838.0,1,1.0
76001,2025,1,585,6,CALI,VALLE,2025-01-01,18.77307716771716,16.18110798682555,1.8377600967435361,0.4076543401541832,1.0719750118824183,-3.18462252121114,-0.011440665914771506,-0.3929939982381546,16.89291452618026,7.0,11.0,10.0,11.0,44.0,28.0,758.0,811.0,881.0,1363.0,3890.0,2450.0,19.00689394244625,18.623067922123766,19.365441527215488,4.24569559364657,3.7778428138103957,5.510577731343431,0.49999999999999994,0.8660254037844387,136.75,838.0,1,0.8665864271826683,1,0,409.0,0.0,0,2025,2,143.75,1146.25,1,1.0
76001,2025,2,409,5,CALI,VALLE,2025-02-01,18.621456059409706,16.531944950738403,7.9974161286028105,0.42935246767355534,2.91841710928501,-2.6428011754370098,-0.13792042122548914,-0.25211015615072474,13.261526685377074,6.0,7.0,11.0,10.0,20.0,24.0,585.0,758.0,811.0,881.0,2122.0,2154.0,18.77307716771716,19.00689394244625,18.623067922123766,1.8377600967435361,4.24569559364657,3.7778428138103957,0.8660254037844386,0.5000000000000001,143.75,1146.25,1,0.5063056092843327,1,0,328.0,0.0,0,2025,3,142.25,1579.5,1,0.0
76001,2025,3,328,1,CALI,VALLE,2025-03-01,18.85918147272694,16.476850677325483,8.13213935244468,0.4247680165593937,2.534920016488557,-3.068576243800303,-0.23014757365842423,-0.2045222346258624,15.59791830653096,5.0,6.0,7.0,11.0,11.0,18.0,409.0,585.0,758.0,811.0,1363.0,1752.0,18.621456059409706,18.77307716771716,19.00689394244625,7.9974161286028105,1.8377600967435361,4.24569559364657,1.0,6.123233995736766e-17,142.25,1579.5,1,0.43264633140972797,1,0,279.0,0.0,0,2025,4,142.0,1192.0,1,0.0
76001,2025,4,279,3,CALI,VALLE,2025-04-01,19.32220836417474,16.652846168259778,10.366821745083229,0.4198743931611607,2.7425685278186647,-3.045193181254599,-0.20267760748515318,-0.24974832007699663,15.424543388726757,1.0,5.0,6.0,7.0,10.0,12.0,328.0,409.0,585.0,758.0,881.0,1322.0,18.85918147272694,18.621456059409706,18.77307716771716,8.13213935244468,7.9974161286028105,1.8377600967435361,0.8660254037844387,-0.4999999999999998,142.0,1192.0,1,0.38423136512308487,1,0,274.0,0.0,0,2025,5,171.75,952.5,1,0.0
76001,2025,5,274,2,CALI,VALLE,2025-05-01,19.456351809013615,16.880105065329545,7.375851796226161,0.42216303139797107,1.203379787888394,-2.8465745292659026,0.10185007427957034,-0.42910059666459976,13.913142166017366,3.0,1.0,5.0,6.0,11.0,9.0,279.0,328.0,409.0,585.0,811.0,1016.0,19.32220836417474,18.85918147272694,18.621456059409706,10.366821745083229,8.13213935244468,7.9974161286028105,0.49999999999999994,-0.8660254037844387,171.75,952.5,1,0.38141639116060555,1,0,210.0,0.0,0,2025,6,171.0,757.75,1,0.0
76001,2025,6,210,0,CALI,VALLE,2025-06-01,19.148027277261146,16.483654147354176,4.1926730980620714,0.4173092088076293,1.0973411122702053,-3.0638252766349914,0.23942925402478035,-0.4960349624533284,15.016842231330477,2.0,3.0,1.0,5.0,7.0,6.0,274.0,279.0,328.0,409.0,758.0,881.0,19.456351809013615,19.32220836417474,18.85918147272694,7.375851796226161,10.366821745083229,8.13213935244468,1.2246467991473532e-16,-1.0,171.0,757.75,1,0.34278718628851257,1,0,178.0,0.0,0,2025,7,163.25,651.5,1,0.0
76001,2025,7,178,1,CALI,VALLE,2025-07-01,19.47075176528609,16.20768171753442,1.292419600192054,0.38143146431183667,0.23852724596913727,-3.083710606709829,0.3406361879664931,-0.48547970106651345,15.426617941755508,0.0,2.0,3.0,1.0,6.0,5.0,210.0,274.0,279.0,328.0,585.0,763.0,19.148027277261146,19.456351809013615,19.32220836417474,4.1926730980620714,7.375851796226161,10.366821745083229,-0.4999999999999997,-0.8660254037844388,163.25,651.5,1,0.32323232323232326,1,0,138.0,0.0,0,2025,8,139.25,667.25,1,0.0
76001,2025,8,138,1,CALI,VALLE,2025-08-01,19.038141250592773,15.940119050886953,2.6353166534013415,0.3901483976316693,0.4688819578178171,-3.2298833689062243,0.12406454864858267,-0.4694774444610799,16.255519165374505,1.0,0.0,2.0,3.0,5.0,3.0,178.0,210.0,274.0,279.0,409.0,662.0,19.47075176528609,19.148027277261146,19.456351809013615,1.292419600192054,4.1926730980620714,7.375851796226161,-0.8660254037844385,-0.5000000000000004,139.25,667.25,0,0.30713590207261093,1,0,162.0,0.0,0,2025,9,149.75,506.25,0,0.0
76001,2025,9,162,4,CALI,VALLE,2025-09-01,19.05955453478844,16.157114481637205,2.9245828878555526,0.404175041123237,0.8989265361249194,-3.1271738364415858,0.10869305495142541,-0.5202745784244256,15.6102540679578,1.0,1.0,0.0,2.0,1.0,2.0,138.0,178.0,210.0,274.0,328.0,526.0,19.038141250592773,19.47075176528609,19.148027277261146,2.6353166534013415,1.292419600192054,4.1926730980620714,-1.0,-1.8369701987210297e-16,149.75,506.25,1,0.41712262632764724,1,0,154.0,0.0,0,2025,10,147.0,479.5,1,0.0
76001,2025,10,154,1,CALI,VALLE,2025-10-01,18.672302820050007,16.126942110473173,7.869303813773512,0.4237829367781859,1.4883976043401197,-2.9351515131669235,-0.08176450229185127,-0.4332072343013852,14.5453494197778,4.0,1.0,1.0,0.0,3.0,6.0,162.0,138.0,178.0,210.0,279.0,478.0,19.05955453478844,19.038141250592773,19.47075176528609,2.9245828878555526,2.6353166534013415,1.292419600192054,-0.8660254037844386,0.5000000000000001,147.0,479.5,1,0.44141884629165173,1,0,136.0,0.0,0,2025,11,157.75,513.25,0,0.0
76001,2025,11,136,0,CALI,VALLE,2025-11-01,18.827957784537222,16.491618271819995,6.536275655038881,0.42389793691148525,2.5228189993036834,-2.6880748572829956,-0.11409456307511703,-0.4135233920246975,13.500949710214595,1.0,4.0,1.0,1.0,2.0,6.0,154.0,162.0,138.0,178.0,274.0,454.0,18.672302820050007,19.05955453478844,19.038141250592773,7.869303813773512,2.9245828878555526,2.6353166534013415,-0.5000000000000004,0.8660254037844384,157.75,513.25,0,0.384452296819788,1,0,144.0,0.0,0,2025,12,177.5,585.5,0,0.0
76001,2025,12,144,1,CALI,VALLE,2025-12-01,18.617935785216766,16.071627652434433,3.2933827055997518,0.4159678474703363,4.496070583806497,-2.9420945063920887,-0.1419141382211422,-0.217330651602564,15.250398126291019,0.0,1.0,4.0,1.0,0.0,5.0,136.0,154.0,162.0,138.0,210.0,452.0,18.827957784537222,18.672302820050007,19.05955453478844,6.536275655038881,7.869303813773512,2.9245828878555526,-2.4492935982947064e-16,1.0,177.5,585.5,0,0.34424025100851635,1,0,,,,2026,1,136.75,838.0,1,0.0
